"","State","Year","Total_EE_Investment","Political_Score","Disasters","Total population","Female","child","Median age (years)","Median household income (dollars)","Gas","Electricity"
"1","Alabama",2021,2361392532.58,67.15,30,5039877,0.515,0.223,39.8,53913,0.325,0.66
"2","Alaska",2021,1383697063.44,69.14,5,732673,0.477,0.245,35.6,77845,0.531,0.138
"3","Arizona",2021,2675371539.19,71.21,8,7276316,0.501,0.222,38.6,69056,0.36,0.599
"4","Arkansas",2021,1613140473.26,67.11,NA,3025891,0.506,0.232,38.5,52528,0.43,0.533
"5","California",2021,17869357179.61,74.12,37,39237836,0.5,0.223,37.6,84907,0.643,0.297
"6","Colorado",2021,2912054915.49,71.71,4,5812069,0.494,0.214,37.6,82254,0.709,0.261
"7","Connecticut",2021,1985348359.19,75.65,20,3605597,0.51,0.201,41.1,83771,0.411,0.181
"8","Delaware",2021,632529050.99,72.62,2,1003384,0.516,0.208,41.6,71091,0.519,0.374
"9","District of Columbia",2021,1063770680.3,79.77,1,670050,0.524,0.188,34.8,90088,0.512,0.445
"10","Florida",2021,5870031630.88,72.53,74,21781128,0.508,0.197,42.8,63062,0.061,0.907
"11","Georgia",2021,4224901495.9,71.04,30,10799566,0.512,0.234,37.5,66559,0.424,0.562
"12","Hawaii",2021,812537382.66,71.87,2,1441553,0.497,0.211,40.2,84857,0.052,0.443
"13","Idaho",2021,905362983.08,67.83,6,1900923,0.498,0.247,37.3,66474,0.562,0.351
"14","Illinois",2021,6453695298.97,75.82,NA,12671469,0.506,0.221,39,72205,0.797,0.184
"15","Indiana",2021,3231102572.74,68.96,NA,6805985,0.504,0.233,38.2,62743,0.659,0.308
"16","Iowa",2021,2208859169.6,69.37,NA,3193079,0.498,0.231,38.5,65600,0.73,0.242
"17","Kansas",2021,1629202351.18,67.85,NA,2934582,0.498,0.24,37.3,64124,0.705,0.272
"18","Kentucky",2021,2155220517.26,66.36,95,4509394,0.506,0.225,39.1,55573,0.412,0.552
"19","Louisiana",2021,2499799525.54,66.52,554,4624047,0.511,0.234,38,52087,0.338,0.651
"20","Maine",2021,1109073936.1,72.15,NA,1372247,0.509,0.181,44.7,64767,0.213,0.103
"21","Maryland",2021,2947913133.18,76.35,3,6165129,0.513,0.221,39.3,90203,0.466,0.434
"22","Massachusetts",2021,5290216210.56,77.35,1,6984723,0.512,0.195,39.9,89645,0.559,0.178
"23","Michigan",2021,4086024117.46,73.71,5,10050811,0.505,0.214,40.2,63498,0.836,0.118
"24","Minnesota",2021,3132860218.85,71.5,NA,5707390,0.499,0.229,38.8,77720,0.758,0.194
"25","Mississippi",2021,1752128485.45,69.33,170,2949965,0.513,0.235,38.6,48716,0.392,0.589
"26","Missouri",2021,3331143442.36,68.34,21,6168187,0.506,0.224,39.2,61847,0.58,0.383
"27","Montana",2021,1260001445.29,68.22,12,1104271,0.492,0.213,40.1,63249,0.639,0.269
"28","Nebraska",2021,1253292181.72,67.98,14,1963692,0.498,0.245,37.2,66817,0.659,0.318
"29","Nevada",2021,1086344803.91,71.17,3,3143991,0.496,0.222,38.7,66274,0.604,0.362
"30","New Hampshire",2021,740078235.64,73.48,1,1388992,0.501,0.185,43.1,88465,0.409,0.107
"31","New Jersey",2021,4217779182.64,77.82,58,9267130,0.508,0.218,40.3,89296,0.753,0.159
"32","New Mexico",2021,1178252113.8,70.48,1,2115877,0.503,0.223,39.1,53992,0.673,0.24
"33","New York",2021,11937313847.89,78.19,61,19835913,0.511,0.207,39.8,74314,0.637,0.146
"34","North Carolina",2021,3553208499.58,71.51,46,10551162,0.512,0.218,39.4,61972,0.306,0.651
"35","North Dakota",2021,1259491419.01,63.16,15,774948,0.484,0.236,35.8,66519,0.54,0.411
"36","Ohio",2021,5015210075.25,70.9,NA,11780017,0.507,0.221,39.6,62262,0.695,0.257
"37","Oklahoma",2021,2063169236.43,65.67,183,3986639,0.502,0.241,37.2,55826,0.566,0.408
"38","Oregon",2021,2013520987.67,72.16,11,4246155,0.5,0.203,40.1,71562,0.398,0.523
"39","Pennsylvania",2021,5618895491.97,72.9,13,12964056,0.506,0.206,40.9,68957,0.563,0.246
"40","Rhode Island",2021,1016541826.02,73.94,6,1095610,0.51,0.19,40.6,74008,0.575,0.116
"41","South Carolina",2021,1913291268.96,69.35,NA,5190705,0.514,0.215,40.2,59318,0.269,0.71
"42","South Dakota",2021,1278578680.46,68.49,1,895376,0.495,0.247,37.6,66143,0.623,0.33
"43","Tennessee",2021,2673919148.33,68.13,42,6975218,0.511,0.22,39.2,59695,0.345,0.633
"44","Texas",2021,11072126560.41,69.51,513,29527941,0.501,0.252,35.5,66963,0.368,0.619
"45","Utah",2021,1278265058.84,67.72,8,3337975,0.492,0.283,31.8,79449,0.799,0.18
"46","Vermont",2021,642063011.55,75.71,16,645570,0.504,0.181,42.9,72431,0.38,0.083
"47","Virginia",2021,2933802616.47,73.24,33,8642274,0.505,0.218,38.8,80963,0.366,0.572
"48","Washington",2021,4139285990.86,73,38,7738692,0.496,0.217,38.2,84247,0.367,0.576
"49","West Virginia",2021,1234313630.16,62.75,12,1782959,0.502,0.203,42.8,51248,0.464,0.453
"50","Wisconsin",2021,2678830345.64,72.36,NA,5895908,0.499,0.216,40.1,67125,0.767,0.175
"51","Wyoming",2021,679521143.25,62.29,NA,578803,0.489,0.227,39,65204,0.704,0.238
"52","Alabama",2022,2374751465.92,68.41,2,5074296,0.515,0.219,39.6,59674,0.306,0.677
"53","Alabama  Total",2022,NA,NA,NA,NA,NA,NA,NA,NA,NA,NA
"54","Alaska",2022,1687717804.43,71.07,16,733583,0.474,0.239,35.9,88121,0.499,0.153
"55","Alaska  Total",2022,NA,NA,NA,NA,NA,NA,NA,NA,NA,NA
"56","Arizona",2022,2728855066.04,72.52,4,7359197,0.5,0.215,38.8,74568,0.358,0.602
"57","Arizona  Total",2022,NA,NA,NA,NA,NA,NA,NA,NA,NA,NA
"58","Arkansas",2022,1792918891.8,68.33,5,3045637,0.506,0.228,38.9,55432,0.418,0.547
"59","Arkansas  Total",2022,NA,NA,NA,NA,NA,NA,NA,NA,NA,NA
"60","California",2022,18326422090.36,75.79,7,39029342,0.499,0.217,37.9,91551,0.638,0.3
"61","California  Total",2022,NA,NA,NA,NA,NA,NA,NA,NA,NA,NA
"62","Colorado",2022,2670991210.12,74.12,2,5839926,0.493,0.207,37.7,89302,0.704,0.263
"63","Colorado  Total",2022,NA,NA,NA,NA,NA,NA,NA,NA,NA,NA
"64","Connecticut",2022,2240289005.08,77.34,7,3626205,0.51,0.201,40.9,88429,0.423,0.183
"65","Connecticut  Total",2022,NA,NA,NA,NA,NA,NA,NA,NA,NA,NA
"66","Delaware",2022,634404972.24,73.44,1,1018396,0.514,0.204,41.5,82174,0.539,0.349
"67","Delaware  Total",2022,NA,NA,NA,NA,NA,NA,NA,NA,NA,NA
"68","District of Columbia",2022,1266868517.35,81.7,NA,671803,0.524,0.185,34.9,101027,0.487,0.469
"69","District of Columbia  Total",2022,NA,NA,NA,NA,NA,NA,NA,NA,NA,NA
"70","Florida",2022,5890770773.57,73.92,147,22244823,0.508,0.194,42.7,69303,0.064,0.902
"71","Florida  Total",2022,NA,NA,NA,NA,NA,NA,NA,NA,NA,NA
"72","Georgia",2022,4166526375.84,72.21,NA,10912876,0.512,0.23,37.6,72837,0.417,0.567
"73","Georgia  Total",2022,NA,NA,NA,NA,NA,NA,NA,NA,NA,NA
"74","Hawaii",2022,879090645.72,75.86,2,1440196,0.496,0.206,40.8,92458,0.05,0.422
"75","Hawaii  Total",2022,NA,NA,NA,NA,NA,NA,NA,NA,NA,NA
"76","Idaho",2022,1023082728.1,70.17,4,1939033,0.496,0.24,37.5,72785,0.565,0.354
"77","Idaho  Total",2022,NA,NA,NA,NA,NA,NA,NA,NA,NA,NA
"78","Illinois",2022,6302024530.3,77.11,14,12582032,0.505,0.216,39.1,76708,0.791,0.19
"79","Illinois  Total",2022,NA,NA,NA,NA,NA,NA,NA,NA,NA,NA
"80","Indiana",2022,2724668363.01,69.72,NA,6833037,0.503,0.229,38.2,66785,0.66,0.311
"81","Indiana  Total",2022,NA,NA,NA,NA,NA,NA,NA,NA,NA,NA
"82","Iowa",2022,1942403951.65,69.53,25,3200517,0.498,0.224,38.9,69588,0.729,0.244
"83","Iowa  Total",2022,NA,NA,NA,NA,NA,NA,NA,NA,NA,NA
"84","Kansas",2022,1398958113.88,69.2,77,2937150,0.498,0.234,37.6,68925,0.71,0.267
"85","Kansas  Total",2022,NA,NA,NA,NA,NA,NA,NA,NA,NA,NA
"86","Kentucky",2022,2131776849.77,66.81,72,4512310,0.505,0.223,39.4,59341,0.419,0.546
"87","Kentucky  Total",2022,NA,NA,NA,NA,NA,NA,NA,NA,NA,NA
"88","Louisiana",2022,2662517883.09,68.74,NA,4590241,0.51,0.231,38.2,55416,0.342,0.646
"89","Louisiana  Total",2022,NA,NA,NA,NA,NA,NA,NA,NA,NA,NA
"90","Maine",2022,1088263700.89,73.37,3,1385340,0.506,0.177,45.1,69543,0.22,0.106
"91","Maine  Total",2022,NA,NA,NA,NA,NA,NA,NA,NA,NA,NA
"92","Maryland",2022,2672725781.58,78.08,NA,6164660,0.513,0.219,39.7,94991,0.471,0.439
"93","Maryland  Total",2022,NA,NA,NA,NA,NA,NA,NA,NA,NA,NA
"94","Massachusetts",2022,5627800500.42,78.83,5,6981974,0.51,0.191,40.3,94488,0.563,0.182
"95","Massachusetts  Total",2022,NA,NA,NA,NA,NA,NA,NA,NA,NA,NA
"96","Michigan",2022,4123640240.78,75.93,NA,10034118,0.504,0.209,40.3,66986,0.834,0.123
"97","Michigan  Total",2022,NA,NA,NA,NA,NA,NA,NA,NA,NA,NA
"98","Minnesota",2022,2815328690.94,72.94,65,5717184,0.498,0.225,39,82338,0.765,0.187
"99","Minnesota  Total",2022,NA,NA,NA,NA,NA,NA,NA,NA,NA,NA
"100","Mississippi",2022,1840374717.17,70.02,83,2940057,0.515,0.23,38.9,52719,0.39,0.592
"101","Mississippi  Total",2022,NA,NA,NA,NA,NA,NA,NA,NA,NA,NA
"102","Missouri",2022,2448493660.94,69.56,11,6177957,0.507,0.221,39.1,64811,0.571,0.392
"103","Missouri  Total",2022,NA,NA,NA,NA,NA,NA,NA,NA,NA,NA
"104","Montana",2022,1599298728.37,68.8,7,1122867,0.495,0.209,40.2,67631,0.633,0.277
"105","Montana  Total",2022,NA,NA,NA,NA,NA,NA,NA,NA,NA,NA
"106","Nebraska",2022,1097078086.6,68.85,48,1967923,0.498,0.242,37.4,69597,0.663,0.315
"107","Nebraska  Total",2022,NA,NA,NA,NA,NA,NA,NA,NA,NA,NA
"108","Nevada",2022,1027598866.7,71.86,1,3177772,0.497,0.217,39,72333,0.62,0.344
"109","Nevada  Total",2022,NA,NA,NA,NA,NA,NA,NA,NA,NA,NA
"110","New Hampshire",2022,752818696.87,74.55,2,1395231,0.501,0.18,43.3,89992,0.404,0.11
"111","New Hampshire  Total",2022,NA,NA,NA,NA,NA,NA,NA,NA,NA,NA
"112","New Jersey",2022,3846616261.4,79.52,NA,9261699,0.507,0.214,40.4,96346,0.753,0.162
"113","New Jersey  Total",2022,NA,NA,NA,NA,NA,NA,NA,NA,NA,NA
"114","New Mexico",2022,1212023907.04,70.1,13,2113344,0.504,0.216,39.4,59726,0.699,0.219
"115","New Mexico  Total",2022,NA,NA,NA,NA,NA,NA,NA,NA,NA,NA
"116","New York",2022,11705810631.29,80.11,9,19677151,0.511,0.203,40,79557,0.636,0.153
"117","New York  Total",2022,NA,NA,NA,NA,NA,NA,NA,NA,NA,NA
"118","North Carolina",2022,3792266050.58,73.22,NA,10698973,0.511,0.215,39.2,67481,0.303,0.657
"119","North Carolina  Total",2022,NA,NA,NA,NA,NA,NA,NA,NA,NA,NA
"120","North Dakota",2022,1080563075.51,62.19,40,779261,0.488,0.232,36.2,71970,0.576,0.368
"121","North Dakota  Total",2022,NA,NA,NA,NA,NA,NA,NA,NA,NA,NA
"122","Ohio",2022,4651614218.48,72.67,NA,11756058,0.506,0.217,39.9,65720,0.694,0.26
"123","Ohio  Total",2022,NA,NA,NA,NA,NA,NA,NA,NA,NA,NA
"124","Oklahoma",2022,2492399978.56,66.52,9,4019800,0.501,0.237,37.1,59673,0.554,0.419
"125","Oklahoma  Total",2022,NA,NA,NA,NA,NA,NA,NA,NA,NA,NA
"126","Oregon",2022,2189038103.3,74.38,2,4240137,0.5,0.196,40.5,75657,0.39,0.539
"127","Oregon  Total",2022,NA,NA,NA,NA,NA,NA,NA,NA,NA,NA
"128","Pennsylvania",2022,5790719073.11,74.65,NA,12972008,0.507,0.203,40.9,71798,0.565,0.253
"129","Pennsylvania  Total",2022,NA,NA,NA,NA,NA,NA,NA,NA,NA,NA
"130","Rhode Island",2022,1060366918,74.53,6,1093734,0.51,0.186,40.7,81854,0.588,0.136
"131","Rhode Island  Total",2022,NA,NA,NA,NA,NA,NA,NA,NA,NA,NA
"132","South Carolina",2022,2075295376.74,70.25,46,5282634,0.514,0.211,40.5,64115,0.268,0.711
"133","South Carolina  Total",2022,NA,NA,NA,NA,NA,NA,NA,NA,NA,NA
"134","South Dakota",2022,996959765.35,68.86,29,909824,0.492,0.241,38.5,69728,0.637,0.31
"135","South Dakota  Total",2022,NA,NA,NA,NA,NA,NA,NA,NA,NA,NA
"136","Tennessee",2022,2597177009.34,69.57,30,7051339,0.509,0.218,39.2,65254,0.345,0.631
"137","Tennessee  Total",2022,NA,NA,NA,NA,NA,NA,NA,NA,NA,NA
"138","Texas",2022,10014792007.68,70.48,9,30029572,0.5,0.248,35.6,72284,0.371,0.615
"139","Texas  Total",2022,NA,NA,NA,NA,NA,NA,NA,NA,NA,NA
"140","Utah",2022,1285993644.2,69.04,NA,3380800,0.492,0.276,32.1,89168,0.811,0.17
"141","Utah  Total",2022,NA,NA,NA,NA,NA,NA,NA,NA,NA,NA
"142","Vermont",2022,740238541.47,76.32,NA,647064,0.504,0.176,43.2,73991,0.367,0.087
"143","Vermont  Total",2022,NA,NA,NA,NA,NA,NA,NA,NA,NA,NA
"144","Virginia",2022,3491514062.7,75.32,31,8683619,0.505,0.214,39,85873,0.366,0.576
"145","Virginia  Total",2022,NA,NA,NA,NA,NA,NA,NA,NA,NA,NA
"146","Washington",2022,3635918227.95,75.36,40,7785786,0.495,0.211,38.4,91306,0.362,0.583
"147","Washington  Total",2022,NA,NA,NA,NA,NA,NA,NA,NA,NA,NA
"148","West Virginia",2022,1602935519.93,62.53,NA,1775156,0.503,0.198,42.9,54329,0.454,0.463
"149","West Virginia  Total",2022,NA,NA,NA,NA,NA,NA,NA,NA,NA,NA
"150","Wisconsin",2022,2409948401.58,73.72,NA,5892539,0.498,0.21,40.4,70996,0.767,0.177
"151","Wisconsin  Total",2022,NA,NA,NA,NA,NA,NA,NA,NA,NA,NA
"152","Wyoming",2022,688348814.65,62.73,NA,581381,0.488,0.223,39.1,70042,0.706,0.228
"153","Wyoming  Total",2022,NA,NA,NA,NA,NA,NA,NA,NA,NA,NA
"154","Alabama",2023,2616267061.71,69.01,23,5108468,0.516,0.221,39.6,62212,0.307,0.676
"155","Alabama  Total",2023,NA,NA,NA,NA,NA,NA,NA,NA,NA,NA
"156","Alaska",2023,1817444960.24,71.61,11,733406,0.474,0.238,36.5,86631,0.515,0.138
"157","Alaska  Total",2023,NA,NA,NA,NA,NA,NA,NA,NA,NA,NA
"158","Arizona",2023,3488333363.56,73.19,3,7431344,0.501,0.213,39.3,77315,0.358,0.601
"159","Arizona  Total",2023,NA,NA,NA,NA,NA,NA,NA,NA,NA,NA
"160","Arkansas",2023,1648139646.77,68.58,16,3067732,0.507,0.229,38.9,58700,0.428,0.536
"161","Arkansas  Total",2023,NA,NA,NA,NA,NA,NA,NA,NA,NA,NA
"162","California",2023,21411629440.86,76.3,179,38965193,0.501,0.217,38.2,95521,0.643,0.296
"163","California  Total",2023,NA,NA,NA,NA,NA,NA,NA,NA,NA,NA
"164","Colorado",2023,2982235759.47,74.75,14,5877610,0.493,0.206,37.9,92911,0.716,0.251
"165","Colorado  Total",2023,NA,NA,NA,NA,NA,NA,NA,NA,NA,NA
"166","Connecticut",2023,2490196284.92,77.92,NA,3617176,0.509,0.2,41.5,91665,0.432,0.192
"167","Connecticut  Total",2023,NA,NA,NA,NA,NA,NA,NA,NA,NA,NA
"168","Delaware",2023,810560231.75,73.81,NA,1031890,0.516,0.206,42,81361,0.513,0.38
"169","Delaware  Total",2023,NA,NA,NA,NA,NA,NA,NA,NA,NA,NA
"170","District of Columbia",2023,1443662094.02,82.28,NA,678972,0.526,0.187,34.9,108210,0.468,0.496
"171","District of Columbia  Total",2023,NA,NA,NA,NA,NA,NA,NA,NA,NA,NA
"172","Florida",2023,7418329840.63,74.41,216,22610726,0.508,0.194,42.8,73311,0.065,0.899
"173","Florida  Total",2023,NA,NA,NA,NA,NA,NA,NA,NA,NA,NA
"174","Georgia",2023,4748788607.62,72.64,41,11029227,0.512,0.229,37.9,74632,0.409,0.577
"175","Georgia  Total",2023,NA,NA,NA,NA,NA,NA,NA,NA,NA,NA
"176","Hawaii",2023,979546778.79,76.13,7,1435138,0.499,0.205,41.4,95322,0.051,0.445
"177","Hawaii  Total",2023,NA,NA,NA,NA,NA,NA,NA,NA,NA,NA
"178","Idaho",2023,1044793710.98,70.58,NA,1964726,0.497,0.237,37.8,74942,0.565,0.359
"179","Idaho  Total",2023,NA,NA,NA,NA,NA,NA,NA,NA,NA,NA
"180","Illinois",2023,7005965831.38,77.63,23,12549689,0.506,0.216,39.5,80306,0.791,0.191
"181","Illinois  Total",2023,NA,NA,NA,NA,NA,NA,NA,NA,NA,NA
"182","Indiana",2023,3708879092.54,70.26,13,6862199,0.503,0.231,38.3,69477,0.656,0.314
"183","Indiana  Total",2023,NA,NA,NA,NA,NA,NA,NA,NA,NA,NA
"184","Iowa",2023,1975113665.31,69.77,7,3207004,0.5,0.226,39.1,71433,0.722,0.249
"185","Iowa  Total",2023,NA,NA,NA,NA,NA,NA,NA,NA,NA,NA
"186","Kansas",2023,1448714815.17,69.56,1,2940547,0.498,0.234,37.9,70333,0.703,0.273
"187","Kansas  Total",2023,NA,NA,NA,NA,NA,NA,NA,NA,NA,NA
"188","Kentucky",2023,2869008569.09,67.59,110,4526154,0.504,0.223,39.2,61118,0.411,0.555
"189","Kentucky  Total",2023,NA,NA,NA,NA,NA,NA,NA,NA,NA,NA
"190","Louisiana",2023,3214317457.03,69.07,10,4573749,0.511,0.232,38.7,58229,0.34,0.647
"191","Louisiana  Total",2023,NA,NA,NA,NA,NA,NA,NA,NA,NA,NA
"192","Maine",2023,1174245876.62,74,32,1395722,0.509,0.176,44.9,73733,0.222,0.128
"193","Maine  Total",2023,NA,NA,NA,NA,NA,NA,NA,NA,NA,NA
"194","Maryland",2023,3526800711.66,78.39,NA,6180253,0.515,0.22,39.8,98678,0.468,0.445
"195","Maryland  Total",2023,NA,NA,NA,NA,NA,NA,NA,NA,NA,NA
"196","Massachusetts",2023,6069125030.04,79.5,14,7001399,0.511,0.192,40.3,99858,0.554,0.199
"197","Massachusetts  Total",2023,NA,NA,NA,NA,NA,NA,NA,NA,NA,NA
"198","Michigan",2023,4812921500.76,76.15,NA,10037261,0.505,0.211,40.5,69183,0.831,0.127
"199","Michigan  Total",2023,NA,NA,NA,NA,NA,NA,NA,NA,NA,NA
"200","Minnesota",2023,3591487964.46,73.39,26,5737915,0.5,0.226,39.1,85086,0.752,0.2
"201","Minnesota  Total",2023,NA,NA,NA,NA,NA,NA,NA,NA,NA,NA
"202","Mississippi",2023,2569880430.91,70.5,37,2939690,0.515,0.23,39.3,54203,0.385,0.595
"203","Mississippi  Total",2023,NA,NA,NA,NA,NA,NA,NA,NA,NA,NA
"204","Missouri",2023,3204382401.06,69.96,33,6196156,0.507,0.221,39.3,68545,0.575,0.39
"205","Missouri  Total",2023,NA,NA,NA,NA,NA,NA,NA,NA,NA,NA
"206","Montana",2023,1293878968.46,69.29,9,1132812,0.495,0.208,40.6,70804,0.613,0.286
"207","Montana  Total",2023,NA,NA,NA,NA,NA,NA,NA,NA,NA,NA
"208","Nebraska",2023,1040873343.07,69.01,1,1978379,0.498,0.242,37.4,74590,0.658,0.319
"209","Nebraska  Total",2023,NA,NA,NA,NA,NA,NA,NA,NA,NA,NA
"210","Nevada",2023,1321251622,72.33,6,3194176,0.497,0.215,39.4,76364,0.623,0.342
"211","Nevada  Total",2023,NA,NA,NA,NA,NA,NA,NA,NA,NA,NA
"212","New Hampshire",2023,816064023.01,75.01,11,1402054,0.501,0.179,43.4,96838,0.406,0.113
"213","New Hampshire  Total",2023,NA,NA,NA,NA,NA,NA,NA,NA,NA,NA
"214","New Jersey",2023,5597852206.64,79.88,1,9290841,0.508,0.216,40.4,99781,0.748,0.171
"215","New Jersey  Total",2023,NA,NA,NA,NA,NA,NA,NA,NA,NA,NA
"216","New Mexico",2023,1391343794.05,70.59,3,2114371,0.504,0.212,39.9,62268,0.689,0.235
"217","New Mexico  Total",2023,NA,NA,NA,NA,NA,NA,NA,NA,NA,NA
"218","New York",2023,12799749117.57,80.65,27,19571216,0.512,0.202,40.2,82095,0.638,0.162
"219","New York  Total",2023,NA,NA,NA,NA,NA,NA,NA,NA,NA,NA
"220","North Carolina",2023,4118144085.12,73.52,101,10835491,0.51,0.214,39.4,70804,0.301,0.659
"221","North Carolina  Total",2023,NA,NA,NA,NA,NA,NA,NA,NA,NA,NA
"222","North Dakota",2023,1091058287.61,62.4,28,783926,0.489,0.229,36.3,76525,0.549,0.4
"223","North Dakota  Total",2023,NA,NA,NA,NA,NA,NA,NA,NA,NA,NA
"224","Ohio",2023,5930929524.97,73.07,NA,11785935,0.507,0.219,39.9,67769,0.691,0.265
"225","Ohio  Total",2023,NA,NA,NA,NA,NA,NA,NA,NA,NA,NA
"226","Oklahoma",2023,2114734644.25,66.86,32,4053824,0.503,0.238,37.1,62138,0.55,0.425
"227","Oklahoma  Total",2023,NA,NA,NA,NA,NA,NA,NA,NA,NA,NA
"228","Oregon",2023,2177387925.24,74.88,4,4233358,0.503,0.196,40.7,80160,0.385,0.544
"229","Oregon  Total",2023,NA,NA,NA,NA,NA,NA,NA,NA,NA,NA
"230","Pennsylvania",2023,6965586017.13,75.03,NA,12961683,0.507,0.202,41.1,73824,0.559,0.261
"231","Pennsylvania  Total",2023,NA,NA,NA,NA,NA,NA,NA,NA,NA,NA
"232","Rhode Island",2023,1177994647.39,74.94,1,1095962,0.511,0.185,40.8,84972,0.567,0.146
"233","Rhode Island  Total",2023,NA,NA,NA,NA,NA,NA,NA,NA,NA,NA
"234","South Carolina",2023,2015033672.17,70.45,92,5373555,0.515,0.212,40.5,67804,0.268,0.71
"235","South Carolina  Total",2023,NA,NA,NA,NA,NA,NA,NA,NA,NA,NA
"236","South Dakota",2023,1227984676.53,68.86,30,919318,0.491,0.238,38.5,71810,0.618,0.335
"237","South Dakota  Total",2023,NA,NA,NA,NA,NA,NA,NA,NA,NA,NA
"238","Tennessee",2023,2822746342.14,70.34,86,7126489,0.509,0.22,39.1,67631,0.341,0.636
"239","Tennessee  Total",2023,NA,NA,NA,NA,NA,NA,NA,NA,NA,NA
"240","Texas",2023,11348204184.44,71.19,23,30503301,0.501,0.247,35.9,75780,0.372,0.612
"241","Texas  Total",2023,NA,NA,NA,NA,NA,NA,NA,NA,NA,NA
"242","Utah",2023,1485258728.6,69.76,NA,3417734,0.493,0.273,32.3,93421,0.811,0.169
"243","Utah  Total",2023,NA,NA,NA,NA,NA,NA,NA,NA,NA,NA
"244","Vermont",2023,813941891.19,76.62,36,647464,0.501,0.177,43.7,81211,0.368,0.1
"245","Vermont  Total",2023,NA,NA,NA,NA,NA,NA,NA,NA,NA,NA
"246","Virginia",2023,3715783600.94,75.61,NA,8715698,0.506,0.215,39.3,89931,0.364,0.58
"247","Virginia  Total",2023,NA,NA,NA,NA,NA,NA,NA,NA,NA,NA
"248","Washington",2023,5068153430.71,75.87,18,7812880,0.496,0.21,38.6,94605,0.353,0.597
"249","Washington  Total",2023,NA,NA,NA,NA,NA,NA,NA,NA,NA,NA
"250","West Virginia",2023,1710529984.82,62.84,2,1770071,0.501,0.198,42.8,55948,0.454,0.462
"251","West Virginia  Total",2023,NA,NA,NA,NA,NA,NA,NA,NA,NA,NA
"252","Wisconsin",2023,3201384590.8,74.02,NA,5910955,0.499,0.21,40.5,74631,0.756,0.189
"253","Wisconsin  Total",2023,NA,NA,NA,NA,NA,NA,NA,NA,NA,NA
"254","Wyoming",2023,811241123.27,63.07,1,584057,0.494,0.222,39.3,72415,0.705,0.231
"255","Wyoming  Total",2023,NA,NA,NA,NA,NA,NA,NA,NA,NA,NA
"256","Alabama",2024,2597296159.29,69.13,67,5157699,0.517,0.219,39.6,66659,0.308,0.675
"257","Alabama  Total",2024,NA,NA,NA,NA,NA,NA,NA,NA,NA,NA
"258","Alaska",2024,2506678604.84,69.86,5,740133,0.473,0.236,36.3,95665,0.504,0.153
"259","Alaska  Total",2024,NA,NA,NA,NA,NA,NA,NA,NA,NA,NA
"260","Arizona",2024,3224693364.69,74.44,5,7582384,0.501,0.209,39.4,81486,0.368,0.591
"261","Arizona  Total",2024,NA,NA,NA,NA,NA,NA,NA,NA,NA,NA
"262","Arkansas",2024,1940278197.42,66.57,15,3088354,0.509,0.226,39.1,62106,0.425,0.541
"263","Arkansas  Total",2024,NA,NA,NA,NA,NA,NA,NA,NA,NA,NA
"264","California",2024,24880602240.45,76.11,29,39431263,0.501,0.213,38.4,100149,0.635,0.301
"265","California  Total",2024,NA,NA,NA,NA,NA,NA,NA,NA,NA,NA
"266","Colorado",2024,3850768222.34,74.08,4,5957494,0.494,0.202,38,97113,0.711,0.255
"267","Colorado  Total",2024,NA,NA,NA,NA,NA,NA,NA,NA,NA,NA
"268","Connecticut",2024,2701346635.17,78.17,9,3675069,0.509,0.198,41.2,96049,0.418,0.202
"269","Connecticut  Total",2024,NA,NA,NA,NA,NA,NA,NA,NA,NA,NA
"270","Delaware",2024,677423992.79,75.9,NA,1051917,0.518,0.203,42.1,87534,0.517,0.391
"271","Delaware  Total",2024,NA,NA,NA,NA,NA,NA,NA,NA,NA,NA
"272","District of Columbia",2024,8107475845.32,83.7,NA,702250,0.527,0.185,34.9,109707,0.46,0.499
"273","District of Columbia  Total",2024,NA,NA,NA,NA,NA,NA,NA,NA,NA,NA
"274","Florida",2024,8097092218.14,75.33,223,23372215,0.508,0.192,42.7,77735,0.067,0.897
"275","Florida  Total",2024,NA,NA,NA,NA,NA,NA,NA,NA,NA,NA
"276","Georgia",2024,5100563734.18,72.77,343,11180878,0.513,0.227,38,79991,0.411,0.576
"277","Georgia  Total",2024,NA,NA,NA,NA,NA,NA,NA,NA,NA,NA
"278","Hawaii",2024,1610950283.54,77.93,1,1446146,0.499,0.203,41.5,100745,0.057,0.444
"279","Hawaii  Total",2024,NA,NA,NA,NA,NA,NA,NA,NA,NA,NA
"280","Idaho",2024,1267570357.8,71.81,8,2001619,0.497,0.233,37.8,81166,0.577,0.351
"281","Idaho  Total",2024,NA,NA,NA,NA,NA,NA,NA,NA,NA,NA
"282","Illinois",2024,7520661371.91,77.43,8,12710158,0.506,0.212,39.4,83211,0.793,0.189
"283","Illinois  Total",2024,NA,NA,NA,NA,NA,NA,NA,NA,NA,NA
"284","Indiana",2024,3933144485.42,70.49,NA,6924275,0.504,0.228,38.3,71959,0.652,0.321
"285","Indiana  Total",2024,NA,NA,NA,NA,NA,NA,NA,NA,NA,NA
"286","Iowa",2024,2017905062.48,71.01,67,3241488,0.499,0.224,39,75501,0.72,0.253
"287","Iowa  Total",2024,NA,NA,NA,NA,NA,NA,NA,NA,NA,NA
"288","Kansas",2024,1666860254.58,68.61,82,2970606,0.499,0.232,38,75514,0.711,0.269
"289","Kansas  Total",2024,NA,NA,NA,NA,NA,NA,NA,NA,NA,NA
"290","Kentucky",2024,2558495888.8,69.12,69,4588372,0.504,0.222,39.3,64526,0.412,0.554
"291","Kentucky  Total",2024,NA,NA,NA,NA,NA,NA,NA,NA,NA,NA
"292","Louisiana",2024,3588693080.46,66.18,86,4597740,0.512,0.231,38.7,60986,0.35,0.637
"293","Louisiana  Total",2024,NA,NA,NA,NA,NA,NA,NA,NA,NA,NA
"294","Maine",2024,1593879689.05,74.24,20,1405012,0.507,0.175,44.9,76442,0.243,0.135
"295","Maine  Total",2024,NA,NA,NA,NA,NA,NA,NA,NA,NA,NA
"296","Maryland",2024,12690361464.41,78.33,NA,6263220,0.515,0.218,39.8,102905,0.465,0.454
"297","Maryland  Total",2024,NA,NA,NA,NA,NA,NA,NA,NA,NA,NA
"298","Massachusetts",2024,6990849397.69,79.71,2,7136171,0.512,0.19,40.1,104828,0.565,0.205
"299","Massachusetts  Total",2024,NA,NA,NA,NA,NA,NA,NA,NA,NA,NA
"300","Michigan",2024,6031274684.72,75.69,9,10140459,0.505,0.208,40.4,72389,0.836,0.125
"301","Michigan  Total",2024,NA,NA,NA,NA,NA,NA,NA,NA,NA,NA
"302","Minnesota",2024,4092853439.82,74.08,32,5793151,0.5,0.223,39.2,87117,0.757,0.199
"303","Minnesota  Total",2024,NA,NA,NA,NA,NA,NA,NA,NA,NA,NA
"304","Mississippi",2024,2035777271.02,71.3,6,2943045,0.517,0.229,39.3,59127,0.403,0.578
"305","Mississippi  Total",2024,NA,NA,NA,NA,NA,NA,NA,NA,NA,NA
"306","Missouri",2024,3179988293.27,69.86,15,6245466,0.507,0.219,39.4,71589,0.575,0.392
"307","Missouri  Total",2024,NA,NA,NA,NA,NA,NA,NA,NA,NA,NA
"308","Montana",2024,1426545793.68,69.51,26,1137233,0.494,0.202,41.3,75340,0.635,0.284
"309","Montana  Total",2024,NA,NA,NA,NA,NA,NA,NA,NA,NA,NA
"310","Nebraska",2024,1789863098.09,68.77,50,2005466,0.497,0.24,37.4,76376,0.661,0.318
"311","Nebraska  Total",2024,NA,NA,NA,NA,NA,NA,NA,NA,NA,NA
"312","Nevada",2024,1579583826.17,74.16,5,3267467,0.496,0.211,39.5,81134,0.638,0.33
"313","Nevada  Total",2024,NA,NA,NA,NA,NA,NA,NA,NA,NA,NA
"314","New Hampshire",2024,1085554884.52,76.36,12,1409032,0.502,0.176,43.6,99782,0.426,0.119
"315","New Hampshire  Total",2024,NA,NA,NA,NA,NA,NA,NA,NA,NA,NA
"316","New Jersey",2024,4975869803.78,79.64,NA,9500851,0.508,0.215,40.1,104294,0.759,0.167
"317","New Jersey  Total",2024,NA,NA,NA,NA,NA,NA,NA,NA,NA,NA
"318","New Mexico",2024,1906336087.83,71.66,13,2130256,0.5,0.209,39.9,67816,0.697,0.225
"319","New Mexico  Total",2024,NA,NA,NA,NA,NA,NA,NA,NA,NA,NA
"320","New York",2024,17586331942.41,79.66,21,19867248,0.512,0.2,40.1,85820,0.645,0.165
"321","New York  Total",2024,NA,NA,NA,NA,NA,NA,NA,NA,NA,NA
"322","North Carolina",2024,3978893247.31,74.15,215,11046024,0.511,0.213,39.4,73958,0.304,0.66
"323","North Carolina  Total",2024,NA,NA,NA,NA,NA,NA,NA,NA,NA,NA
"324","North Dakota",2024,1268316602.09,63.09,13,796568,0.487,0.224,36.7,77871,0.534,0.41
"325","North Dakota  Total",2024,NA,NA,NA,NA,NA,NA,NA,NA,NA,NA
"326","Ohio",2024,6185991619.93,72.37,11,11883304,0.506,0.216,39.8,72212,0.695,0.265
"327","Ohio  Total",2024,NA,NA,NA,NA,NA,NA,NA,NA,NA,NA
"328","Oklahoma",2024,2566480232.39,67.9,38,4095393,0.502,0.235,37.4,66148,0.558,0.419
"329","Oklahoma  Total",2024,NA,NA,NA,NA,NA,NA,NA,NA,NA,NA
"330","Oregon",2024,2955632211.65,75.75,33,4272371,0.502,0.193,40.8,85220,0.389,0.54
"331","Oregon  Total",2024,NA,NA,NA,NA,NA,NA,NA,NA,NA,NA
"332","Pennsylvania",2024,9720985314.49,73.91,13,13078751,0.507,0.201,41.2,77545,0.571,0.26
"333","Pennsylvania  Total",2024,NA,NA,NA,NA,NA,NA,NA,NA,NA,NA
"334","Rhode Island",2024,1380487138.23,76.14,8,1112308,0.508,0.183,41,83504,0.583,0.142
"335","Rhode Island  Total",2024,NA,NA,NA,NA,NA,NA,NA,NA,NA,NA
"336","South Carolina",2024,2264604845.05,70.6,140,5478831,0.512,0.21,40.7,72350,0.283,0.697
"337","South Carolina  Total",2024,NA,NA,NA,NA,NA,NA,NA,NA,NA,NA
"338","South Dakota",2024,1322208547.3,68.62,25,924669,0.486,0.235,38.7,76881,0.646,0.316
"339","South Dakota  Total",2024,NA,NA,NA,NA,NA,NA,NA,NA,NA,NA
"340","Tennessee",2024,3551978129.48,69.63,29,7227750,0.51,0.218,39.1,71997,0.335,0.646
"341","Tennessee  Total",2024,NA,NA,NA,NA,NA,NA,NA,NA,NA,NA
"342","Texas",2024,12930252885.5,69.69,154,31290831,0.501,0.244,35.9,79721,0.38,0.605
"343","Texas  Total",2024,NA,NA,NA,NA,NA,NA,NA,NA,NA,NA
"344","Utah",2024,1932744334.79,68.76,6,3503613,0.492,0.266,32.5,96658,0.814,0.167
"345","Utah  Total",2024,NA,NA,NA,NA,NA,NA,NA,NA,NA,NA
"346","Vermont",2024,906219491.39,77.19,39,648493,0.506,0.172,43.9,82730,0.396,0.118
"347","Vermont  Total",2024,NA,NA,NA,NA,NA,NA,NA,NA,NA,NA
"348","Virginia",2024,4461158037.71,74.93,24,8811195,0.506,0.213,39.4,92090,0.369,0.577
"349","Virginia  Total",2024,NA,NA,NA,NA,NA,NA,NA,NA,NA,NA
"350","Washington",2024,4577337110.03,75.9,28,7958180,0.496,0.208,38.7,99389,0.353,0.6
"351","Washington  Total",2024,NA,NA,NA,NA,NA,NA,NA,NA,NA,NA
"352","West Virginia",2024,1986789678.16,64.96,34,1769979,0.502,0.197,42.9,60798,0.444,0.482
"353","West Virginia  Total",2024,NA,NA,NA,NA,NA,NA,NA,NA,NA,NA
"354","Wisconsin",2024,3891063901.98,73.81,NA,5960975,0.499,0.207,40.7,77488,0.766,0.183
"355","Wisconsin  Total",2024,NA,NA,NA,NA,NA,NA,NA,NA,NA,NA
"356","Wyoming",2024,964584884.41,61.76,4,587618,0.487,0.212,40.2,75532,0.694,0.242
"357","Wyoming  Total",2024,NA,NA,NA,NA,NA,NA,NA,NA,NA,NA
